구분,담당,Method,Path,요약,요청,성공 응답,기타 상태,정렬·제약,호환·경계
필수,A,GET,/alarms,저장·파생 알람 조회,"query: date_from,date_to는 선택 pair; area,equipment,chamber,parameter,source,include_derived 선택; 빈 문자열→unset은 equipment,chamber,parameter만",AlarmItem[],"422,503","occurred_at DESC; source ASC; alarm_id DESC","무파라미터 기본 TRACE138+SUMMARY51=189; include_derived=true면 192; source=R03이면 include_derived=false보다 우선해 3; identity=(source,alarm_id); canonical equipment_id,chamber_id,recipe_id,lot_id,wafer_id,parameter_id,recipe_step_no + deprecated 축약 alias"
필수,A,GET,/trace,wafer parameter Trace,"query: lot,wafer,chamber,parameter 필수",TracePoint[],"422,503","measured_at ASC; recipe_step_no ASC; seq_no ASC","빈 결과=[]; seq_no는 step1 0..2와 step2 3..5"
필수,A,GET,/parameters,parameter 5선 기준정보,없음,ParameterItem[],503,"area ASC; parameter_id ASC","8행; upper_only은 source metadata 근거; name·LSL·LCL·TARGET·UCL·USL은 deprecated alias"
필수,B,POST,/documents/search,RAG 문서 검색,"body: query 1..1000; model_code 선택; doc_type 선택; top_k 1..10 기본4",DocumentHit[],"422,503","score DESC; document_id ASC; chunk_id ASC","검증된 corrected RAG source만; model_code는 COMMON 포함; doc_type은 top_k 전 서버 필터; Tool search_documents(query, model_code=None, top_k=4) 시그니처 유지; 0건=[]; chunk_id=<document_id>:<chunk_schema_version>:<4자리 순번>, 최초 cs1; doc_id는 document_id alias; ① schema·loader·bge-m3 1024 + ③ RAG"
보안필수,B,GET,/relations/chambers/{chamber_id},Ontology 선택 chamber subgraph·context,"path: chamber_id 필수; query: label 선택; limit 1..1000 기본500; include_production_context 기본false",ChamberGraphResponse,"404,422,503","node label/business_id; edge type/from/to","chamber component만(Recipe/RecipeStep 제외); include_production_context=true면 Runtime DB lot_history 최신 1000건을 화면 read model Lot·Wafer node/edge로 추가하고 production_context.truncated으로 절단 여부를 알리며 Neo4j 적재·Agent routing은 변경하지 않음; relation_id=REL-SHA20; graph_revision=검증 marker actual fingerprint; 응답 count는 subset 배열 길이; 전체 44/85는 graph gate; Neo4j Browser·credentials 직접 노출 금지"
필수,C,GET,/agent/runs,Agent 실행 이력,"query: date_from,date_to 선택이며 함께 사용",AgentRunItem[],"422,503","created_at DESC; agent_run_id DESC","alarm_source+alarm_id; canonical chamber_id + deprecated chamber; action_id+approval_id link; deliveries[]는 public EMAIL|MES projection; Auto Tool alias는 n/s만; 예측 전 fault null은 분석 전 표시·분포 제외"
필수,C,POST,/agent/ask,근거 기반 Agent 질의,"body: question 1..1000; agent_run_id 선택",AgentAskResponse,"404,422,503",읽기 전용,"agent_run_id 지정 시 같은 Runtime DB의 저장된 종합 진단·citation 우선; 식별자 충돌 422; evidence type AGENT_RUN 추가; tools·evidence_items·limitations와 predicted_fault_code·confidence·recommended_action은 항상 존재(후 3개 required-nullable); Chat Tool alias는 name/result만; fault_code 없음; DOCUMENT document_id·chunk_id 필수/section required-nullable; GRAPH relation_id·graph_revision 필수; METROLOGY alarm_result 미노출; evidence·limit·doc_id는 deprecated alias; action·approval write 없음"
필수,C,GET,/approvals,승인 대기·결정 이력,없음,ApprovalItem[],503,"created_at DESC; approval_id DESC","EQP_HOLD만; PENDING|APPROVED|REJECTED; canonical lot_id,equipment_id,chamber_id + deprecated 축약 alias; run/action ID link와 canonical decided field"
필수,C,POST,/approvals/{approval_id}/decision,승인·반려,"body: decision=APPROVED|REJECTED; decided_by; decision_comment 선택 1..1000",ApprovalItem,"404,409,422,503","단일 상태 전이","canonical decided_by/at/comment; public APPROVED|REJECTED를 internal APPROVE|REJECT로 adapter; 승인 후 Kafka MES Mock"
필수,D,GET,/audit-logs,append-only 감사 이력,"query: date range,event,actor,entity 선택",AuditLogItem[],"422,503","occurred_at DESC; audit_id DESC","Common 계약; 도메인 기록; D 조회; at·actor·event·entity는 deprecated alias; write API 없음"
확장,A,GET,/dataset/bounds,데이터 epoch·필터 범위,없음,DatasetBoundsResponse,503,안정 정렬,최소 9개 이후
확장,A,GET,/dashboard/summary,서버 대시보드 집계,"query: date_from,date_to,area 필수",DashboardSummaryResponse,"422,503",동일 필터 기준,최소 GET /alarms 클라이언트 집계를 대체하지 않음
확장,A,GET,/alarms/{source}/{alarm_id},source-aware 알람 상세,path: source+alarm_id,AlarmDetailResponse,"404,422,503",단건,"source 필수"
확장,A,GET,/alarms/paged,페이지 알람 목록,"query: page>=1,size=1..100 + 필터",PageEnvelope<AlarmItem>,"422,503","필수 목록과 같은 정렬","/alarms와 응답 shape 혼용 금지"
확장,A,GET,/traces/catalog,Trace 선택 목록,query filters,TraceCatalogResponse,"422,503",안정 정렬,최소 9개 이후
확장,A,POST,/traces/search,복합 Trace 검색,body filters,TraceSearchResponse,"422,503",시간순,최소 9개 이후
확장,B,GET,/relations/equipment/{equipment_id},설비 관계,path: equipment_id,EquipmentRelationsResponse,"404,422,503",stable relation_id,"고정 설비 상하류 추정 금지"
확장,B,GET,/documents/{document_id},문서 상세,path: document_id,DocumentDetailResponse,"404,422,503",chunk order,"chunk order 안정"
실행필수,C,POST,/agent/runs,Agent 분석 시작,"body: alarm={source,alarm_id}",202 AgentRunAccepted,"404,409,422,503",멱등성,"Alarm 화면 source-aware trigger; legacy /agent/run과 alarm_id 단독 금지; accepted status는 RUNNING이며 body는 agent_run_id+status+alarm 3개"
확장,C,GET,/agent/runs/{run_id},Agent 실행 상세,path: run_id,AgentRunDetailResponse,"404,422,503",단건,"근거 ID provenance; diagnosis·evidence_assessment·impact_scope·similar_incidents·post_action_observation 5블록 필수, 구버전은 명시적 Empty"
팀필수,C,GET,/agent/evaluations,Agent 합성 Fault 평가·Golden flow 7단 요약 조회,없음,AgentEvaluationResponse,,read-only immutable artifact projection,"두 artifact는 독립 Empty 상태; aggregate allowlist만 공개; raw label·hash·경로 비노출"
확장,C,POST,/agent/runs/{run_id}/retry,실패 실행 재시도,path: run_id,202 AgentRunAccepted,"404,409,422,503",재시도 정책,성공·실행중 재시도 거부
확장,C,GET,/agent/runs/paged,페이지 실행 이력,"query: page,size,filters",PageEnvelope<AgentRunItem>,"422,503","created_at DESC; agent_run_id DESC","/agent/runs와 shape 혼용 금지"
확장,C,GET,/approvals/paged,페이지 승인 이력,"query: page,size,filters",PageEnvelope<ApprovalItem>,"422,503","created_at DESC; approval_id DESC","/approvals와 shape 혼용 금지"
확장,C,GET,/actions,action 목록,query filters,ActionItem[],"422,503",created_at DESC,delivery summary 포함
확장,C,GET,/actions/{action_id},action·delivery 상세,path: action_id,ActionDetailResponse,"404,422,503",단건,channel별 상태
확장,C,POST,/actions/{action_id}/deliveries/{channel}/retry,실패 channel 재전송,"path: action_id; channel=EMAIL|MES",PublicDeliveryResult,"404,409,422,503",멱등성,"DeliveryResult와 같은 field; public MES는 내부 MES_MOCK의 projection"
내부,C,POST,/internal/actions/{action_id}/delivery,delivery 상태 write-back,"HMAC timestamp/signature; body: event_id,channel=EMAIL|MES_MOCK,status=SENT|FAILED,provider_message_id,request_hash,completed_at,error_code",DeliveryResult,"401,404,409,422,503",action+channel+request_hash 멱등,n8n·Kafka worker 전용; replay window 300초
팀필수,D,POST,/analytics/query,자연어 Text2SQL,"body: question 1..1000",AnalysisQueryResponse,"422,503","read-only SELECT; row limit","7화면 release 필수; 정책 거부는 200+is_rejected=true; 합성 GT 제외"
확장,D,POST,/analytics/graph-query,자연어 Graph 질의,"body: question 1..1000",GraphQueryResponse,422,"validated read-only Cypher; row limit","backend 전용 plan·validator 경로; 사용자 Cypher passthrough 없음"
팀필수,D,POST,/analytics/validate,SQL 실행 없는 검증,body: sql 1..20000,SqlValidateResponse,422,12단계 검증,실행 없음
팀필수,D,GET,/analytics/history,질의 이력·재실행 원본,"query: page,size,filters",NlQueryHistoryResponse,422,"asked_at DESC; nl_query_log_id DESC",읽기 전용
팀필수,D,GET,/analytics/evaluations,Text2SQL 평가 이력,"query: latest,page,size",EvaluationListResponse,422,"executed_at DESC; run_id DESC",immutable 평가 artifact read-only projection
팀필수,D,GET,/audit-logs/paged,전역 페이지 감사 조회,"query: page,size,filters",AuditLogPageResponse,"422,503","occurred_at DESC; audit_id DESC","Agent 상세 감사와 구분; event count는 동일 전체 filter 기준"
운영,Common,GET,/health,process liveness,없음,HealthResponse,500,업무 API 수 제외,외부 의존성 미검사
운영,Common,GET,/health/ready,통합 readiness,없음,ReadinessResponse,503,업무 API 수 제외,"PostgreSQL Runtime epoch·schema·권한; reference migration marker; Neo4j 44/85 marker·fingerprint; RAG 3 IDs·source/corrected hash·chunk·NULL embedding 0·dimension 1024·search smoke; n8n; Kafka topics; 실패도 같은 DTO+NOT_READY"
